{
  "version": 2,
  "builds": [
    {
      "src": "index.html",
      "use": "@vercel/static"
    },
    {
      "src": "worksheet1/index.html",
      "use": "@vercel/static"
    },
    {
      "src": "worksheet2/index.html",
      "use": "@vercel/static"
    },
    {
      "src": "worksheet3/index.html",
      "use": "@vercel/static"
    },
    {
      "src": "worksheet4/index.html",
      "use": "@vercel/static"
    }
  ],
  "routes": [
    {
      "src": "/(.*)",
      "dest": "/$1"
    }
  ]
}
